{
  "Ansi 6 Color" : {
    "Red Component" : 0.60392171144485474,
    "Color Space" : "sRGB",
    "Blue Component" : 0.99607843160629272,
    "Alpha Component" : 1,
    "Green Component" : 0.92941170930862427
  },
  "Tags" : [

  ],
  "Ansi 12 Color" : {
    "Red Component" : 0.34117650985717773,
    "Color Space" : "sRGB",
    "Blue Component" : 0.99999994039535522,
    "Alpha Component" : 1,
    "Green Component" : 0.78039222955703735
  },
  "Custom Directory" : "No",
  "Draw Powerline Glyphs" : false,
  "Bold Color" : {
    "Red Component" : 0.97102361917495728,
    "Color Space" : "sRGB",
    "Blue Component" : 0.97102349996566772,
    "Alpha Component" : 1,
    "Green Component" : 0.97102349996566772
  },
  "Normal Font" : "MonaspiceXeNFM-Regular 13",
  "Ansi 3 Color" : {
    "Red Component" : 0.95294123888015747,
    "Color Space" : "sRGB",
    "Blue Component" : 0.61568623781204224,
    "Alpha Component" : 1,
    "Green Component" : 0.97647064924240112
  },
  "Ansi 4 Color" : {
    "Red Component" : 0.34117650985717773,
    "Color Space" : "sRGB",
    "Blue Component" : 0.99999994039535522,
    "Alpha Component" : 1,
    "Green Component" : 0.78039222955703735
  },
  "Rows" : 25,
  "Default Bookmark" : "No",
  "Right Option Key Sends" : 0,
  "Cursor Guide Color" : {
    "Red Component" : 0.70213186740875244,
    "Color Space" : "sRGB",
    "Blue Component" : 1,
    "Alpha Component" : 0.25,
    "Green Component" : 0.9268307089805603
  },
  "Non-ASCII Anti Aliased" : true,
  "Use Bright Bold" : true,
  "Ansi 10 Color" : {
    "Red Component" : 0.35294127464294434,
    "Color Space" : "sRGB",
    "Blue Component" : 0.55686265230178833,
    "Alpha Component" : 1,
    "Green Component" : 0.96862751245498657
  },
  "Icon" : 0,
  "Ambiguous Double Width" : false,
  "Jobs to Ignore" : [
    "rlogin",
    "ssh",
    "slogin",
    "telnet"
  ],
  "Ansi 15 Color" : {
    "Red Component" : 0.94509810209274292,
    "Color Space" : "sRGB",
    "Blue Component" : 0.94117647409439087,
    "Alpha Component" : 1,
    "Green Component" : 0.94509810209274292
  },
  "Foreground Color" : {
    "Red Component" : 0.93725490570068359,
    "Color Space" : "sRGB",
    "Blue Component" : 0.92156857252120972,
    "Alpha Component" : 1,
    "Green Component" : 0.94117647409439087
  },
  "Working Directory" : "\/Users\/stefano.salvatori",
  "Blinking Cursor" : false,
  "Disable Window Resizing" : true,
  "Sync Title" : false,
  "Prompt Before Closing 2" : false,
  "BM Growl" : true,
  "Command" : "",
  "Description" : "Default",
  "Mouse Reporting" : true,
  "Screen" : -1,
  "Selection Color" : {
    "Red Component" : 0.57319694757461548,
    "Color Space" : "sRGB",
    "Blue Component" : 0.81719964742660522,
    "Alpha Component" : 1,
    "Green Component" : 0.73586553335189819
  },
  "Columns" : 80,
  "Idle Code" : 0,
  "Ansi 13 Color" : {
    "Red Component" : 1,
    "Color Space" : "sRGB",
    "Blue Component" : 0.75686269998550415,
    "Alpha Component" : 1,
    "Green Component" : 0.4156862199306488
  },
  "Title Components" : 2,
  "Custom Command" : "No",
  "ASCII Anti Aliased" : true,
  "Non Ascii Font" : "Monaco 12",
  "Vertical Spacing" : 1,
  "Use Bold Font" : true,
  "Option Key Sends" : 2,
  "Selected Text Color" : {
    "Red Component" : 0,
    "Color Space" : "sRGB",
    "Blue Component" : 0,
    "Alpha Component" : 1,
    "Green Component" : 0
  },
  "Background Color" : {
    "Red Component" : 0.15686270594596863,
    "Color Space" : "sRGB",
    "Blue Component" : 0.21176469326019287,
    "Alpha Component" : 1,
    "Green Component" : 0.16470584273338318
  },
  "Character Encoding" : 4,
  "Ansi 11 Color" : {
    "Red Component" : 0.95294123888015747,
    "Color Space" : "sRGB",
    "Blue Component" : 0.61568623781204224,
    "Alpha Component" : 1,
    "Green Component" : 0.97647064924240112
  },
  "Thin Strokes" : 3,
  "Use Italic Font" : true,
  "Unlimited Scrollback" : true,
  "Keyboard Map" : {
    "0x33-0x200000-0x0" : {
      "Text" : "3",
      "Action" : 12
    },
    "0x2f-0x200000-0x0" : {
      "Text" : "\/",
      "Action" : 12
    },
    "0x3-0x200000-0x0" : {
      "Text" : "0xd",
      "Action" : 11
    },
    "0x38-0x200000-0x0" : {
      "Text" : "8",
      "Action" : 12
    },
    "0xf728-0x80000-0x0" : {
      "Text" : "d",
      "Action" : 10
    },
    "0xf70e-0x20000-0x0" : {
      "Text" : "[23;2~",
      "Action" : 10
    },
    "0xf701-0x220000-0x0" : {
      "Text" : "[1;2B",
      "Action" : 10
    },
    "0x32-0x40000-0x0" : {
      "Text" : "0x00",
      "Action" : 11
    },
    "0xf700-0x240000-0x0" : {
      "Text" : "[1;5A",
      "Action" : 10
    },
    "0xf703-0x220000-0x0" : {
      "Text" : "[1;2C",
      "Action" : 10
    },
    "0xf70b-0x20000-0x0" : {
      "Text" : "[19;2~",
      "Action" : 10
    },
    "0xf702-0x240000-0x0" : {
      "Text" : "[1;5D",
      "Action" : 10
    },
    "0xf701-0x280000" : {
      "Action" : 11,
      "Text" : "0x1b 0x1b 0x5b 0x42"
    },
    "0xf701-0x260000-0x0" : {
      "Text" : "[1;6B",
      "Action" : 10
    },
    "0xf72b-0x40000-0x0" : {
      "Text" : "[1;5F",
      "Action" : 10
    },
    "0xf703-0x260000-0x0" : {
      "Text" : "[1;6C",
      "Action" : 10
    },
    "0x31-0x200000-0x0" : {
      "Text" : "1",
      "Action" : 12
    },
    "0xf702-0x280000-0x0" : {
      "Version" : 0,
      "Action" : 10,
      "Text" : "b",
      "Label" : ""
    },
    "0x2d-0x200000-0x0" : {
      "Text" : "-",
      "Action" : 12
    },
    "0xf709-0x20000-0x0" : {
      "Text" : "[17;2~",
      "Action" : 10
    },
    "0xf700-0x280000" : {
      "Action" : 11,
      "Text" : "0x1b 0x1b 0x5b 0x41"
    },
    "0x36-0x200000-0x0" : {
      "Text" : "6",
      "Action" : 12
    },
    "0xf706-0x20000-0x0" : {
      "Text" : "[1;2R",
      "Action" : 10
    },
    "0x36-0x40000-0x0" : {
      "Text" : "0x1e",
      "Action" : 11
    },
    "0xf729-0x40000-0x0" : {
      "Text" : "[1;5H",
      "Action" : 10
    },
    "0x2d-0x40000-0x0" : {
      "Text" : "0x1f",
      "Action" : 11
    },
    "0xf702-0x300000-0x0" : {
      "Text" : "0x1",
      "Action" : 11
    },
    "0x7f-0x80000-0x0" : {
      "Text" : "0x1b 0x7f",
      "Action" : 11
    },
    "0x33-0x40000-0x0" : {
      "Text" : "0x1b",
      "Action" : 11
    },
    "0x2b-0x200000-0x0" : {
      "Text" : "+",
      "Action" : 12
    },
    "0x34-0x200000-0x0" : {
      "Text" : "4",
      "Action" : 12
    },
    "0xf70d-0x20000-0x0" : {
      "Text" : "[21;2~",
      "Action" : 10
    },
    "0xf72b-0x20000-0x0" : {
      "Text" : "[1;2F",
      "Action" : 10
    },
    "0x39-0x200000-0x0" : {
      "Text" : "9",
      "Action" : 12
    },
    "0xf70a-0x20000-0x0" : {
      "Text" : "[18;2~",
      "Action" : 10
    },
    "0x37-0x40000-0x0" : {
      "Text" : "0x1f",
      "Action" : 11
    },
    "0xf708-0x20000-0x0" : {
      "Text" : "[15;2~",
      "Action" : 10
    },
    "0xf729-0x20000-0x0" : {
      "Text" : "[1;2H",
      "Action" : 10
    },
    "0xf700-0x220000-0x0" : {
      "Text" : "[1;2A",
      "Action" : 10
    },
    "0xf705-0x20000-0x0" : {
      "Text" : "[1;2Q",
      "Action" : 10
    },
    "0xf702-0x220000-0x0" : {
      "Text" : "[1;2D",
      "Action" : 10
    },
    "0x2e-0x200000-0x0" : {
      "Text" : ".",
      "Action" : 12
    },
    "0x32-0x200000-0x0" : {
      "Text" : "2",
      "Action" : 12
    },
    "0xf701-0x240000-0x0" : {
      "Text" : "[1;5B",
      "Action" : 10
    },
    "0xf700-0x260000-0x0" : {
      "Text" : "[1;6A",
      "Action" : 10
    },
    "0x37-0x200000-0x0" : {
      "Text" : "7",
      "Action" : 12
    },
    "0xf703-0x240000-0x0" : {
      "Text" : "[1;5C",
      "Action" : 10
    },
    "0x34-0x40000-0x0" : {
      "Text" : "0x1c",
      "Action" : 11
    },
    "0xf702-0x260000-0x0" : {
      "Text" : "[1;6D",
      "Action" : 10
    },
    "0xf703-0x280000-0x0" : {
      "Version" : 0,
      "Action" : 10,
      "Text" : "f",
      "Label" : ""
    },